,Country,Year,Happiness Rank,Happiness Score,Economy (GDP per Capita),Social support,Trust (Government Corruption),Generosity
0,Switzerland,2015-01-01,1.0,7.587000000000001,1.3965100000000001,1.34951,0.41978000000000004,0.29678000000000004
1,Iceland,2015-01-01,2.0,7.561,1.3023200000000001,1.4022299999999999,0.14145,0.4363
2,Denmark,2015-01-01,3.0,7.527,1.32548,1.36058,0.48357,0.34139
3,Norway,2015-01-01,4.0,7.522,1.459,1.33095,0.36503,0.34699
4,Canada,2015-01-01,5.0,7.4270000000000005,1.32629,1.32261,0.32957,0.45811
5,Finland,2015-01-01,6.0,7.406000000000001,1.29025,1.31826,0.41372,0.23351
6,Netherlands,2015-01-01,7.0,7.377999999999999,1.32944,1.28017,0.31814000000000003,0.4761
7,Sweden,2015-01-01,8.0,7.364,1.33171,1.2890700000000002,0.43843999999999994,0.36262
8,New Zealand,2015-01-01,9.0,7.2860000000000005,1.2501799999999998,1.3196700000000001,0.42922,0.47501000000000004
9,Australia,2015-01-01,10.0,7.284,1.33358,1.30923,0.35636999999999996,0.43562
10,Israel,2015-01-01,11.0,7.278,1.2285700000000002,1.22393,0.07785,0.33171999999999996
11,Costa Rica,2015-01-01,12.0,7.226,0.95578,1.2378799999999999,0.10583,0.25497
12,Austria,2015-01-01,13.0,7.2,1.33723,1.29704,0.18675999999999998,0.33088
13,Mexico,2015-01-01,14.0,7.187,1.02054,0.91451,0.21311999999999998,0.14074
14,United States,2015-01-01,15.0,7.119,1.3945100000000001,1.24711,0.1589,0.40105
15,Brazil,2015-01-01,16.0,6.983,0.98124,1.2328700000000001,0.17521,0.14574
16,Luxembourg,2015-01-01,17.0,6.946000000000001,1.5639100000000001,1.21963,0.37798000000000004,0.28034000000000003
17,Ireland,2015-01-01,18.0,6.94,1.33596,1.36948,0.28703,0.45901000000000003
18,Belgium,2015-01-01,19.0,6.937,1.30782,1.28566,0.2254,0.2225
19,United Arab Emirates,2015-01-01,20.0,6.901,1.42727,1.12575,0.38583,0.26428
20,United Kingdom,2015-01-01,21.0,6.867000000000001,1.26637,1.28548,0.32066999999999996,0.51912
21,Oman,2015-01-01,22.0,6.853,1.36011,1.08182,0.32524000000000003,0.21541999999999997
22,Venezuela,2015-01-01,23.0,6.81,1.04424,1.25596,0.11069000000000001,0.058410000000000004
23,Singapore,2015-01-01,24.0,6.797999999999999,1.52186,1.02,0.4921,0.31105
24,Panama,2015-01-01,25.0,6.7860000000000005,1.0635299999999999,1.1985,0.0927,0.24434
25,Germany,2015-01-01,26.0,6.75,1.32792,1.2993700000000001,0.21843,0.28214
26,Chile,2015-01-01,27.0,6.67,1.10715,1.12447,0.12869,0.33363000000000004
27,Qatar,2015-01-01,28.0,6.611000000000001,1.69042,1.0786,0.52208,0.32573
28,France,2015-01-01,29.0,6.575,1.27778,1.2603799999999998,0.20646,0.12332
29,Argentina,2015-01-01,30.0,6.574,1.05351,1.24823,0.08484,0.11450999999999999
30,Czech Republic,2015-01-01,31.0,6.505,1.17898,1.20643,0.02652,0.10686
31,Uruguay,2015-01-01,32.0,6.485,1.06166,1.2089,0.24558000000000002,0.2324
32,Colombia,2015-01-01,33.0,6.477,0.91861,1.2401799999999998,0.0512,0.18400999999999998
33,Thailand,2015-01-01,34.0,6.455,0.9669,1.26504,0.031869999999999996,0.5763
34,Saudi Arabia,2015-01-01,35.0,6.4110000000000005,1.39541,1.0839299999999998,0.32524000000000003,0.13706
35,Spain,2015-01-01,36.0,6.329,1.23011,1.31379,0.06398,0.18227000000000002
36,Malta,2015-01-01,37.0,6.3020000000000005,1.2074,1.30203,0.13585999999999998,0.51752
37,Taiwan,2015-01-01,38.0,6.297999999999999,1.29098,1.07617,0.08129,0.25376
38,Kuwait,2015-01-01,39.0,6.295,1.5542200000000002,1.16594,0.25609,0.16228
39,Suriname,2015-01-01,40.0,6.269,0.99534,0.972,0.13633,0.16990999999999998
40,Trinidad and Tobago,2015-01-01,41.0,6.167999999999999,1.21183,1.18354,0.0114,0.31844
41,El Salvador,2015-01-01,42.0,6.13,0.76454,1.0250700000000001,0.11775999999999999,0.10692
42,Guatemala,2015-01-01,43.0,6.122999999999999,0.74553,1.04356,0.09472,0.27489
43,Uzbekistan,2015-01-01,44.0,6.002999999999999,0.63244,1.34043,0.30826,0.22837
44,Slovakia,2015-01-01,45.0,5.995,1.1689100000000001,1.26999,0.03431,0.16893
45,Japan,2015-01-01,46.0,5.987,1.27074,1.25712,0.1806,0.10705
46,South Korea,2015-01-01,47.0,5.984,1.24461,0.9577399999999999,0.07857,0.18557
47,Ecuador,2015-01-01,48.0,5.975,0.8640200000000001,0.99903,0.1809,0.11540999999999998
48,Bahrain,2015-01-01,49.0,5.96,1.32376,1.21624,0.306,0.17362
49,Italy,2015-01-01,50.0,5.9479999999999995,1.25114,1.19777,0.02901,0.22823000000000002
50,Bolivia,2015-01-01,51.0,5.89,0.68133,0.97841,0.08800000000000001,0.20536
51,Moldova,2015-01-01,52.0,5.888999999999999,0.59448,1.01528,0.01615,0.20951
52,Paraguay,2015-01-01,53.0,5.877999999999999,0.75985,1.30477,0.08242000000000001,0.3424
53,Kazakhstan,2015-01-01,54.0,5.855,1.1225399999999999,1.1224100000000001,0.08454,0.11827
54,Slovenia,2015-01-01,55.0,5.848,1.18498,1.27385,0.03787,0.25328
55,Lithuania,2015-01-01,56.0,5.832999999999999,1.14723,1.25745,0.01031,0.026410000000000003
56,Nicaragua,2015-01-01,57.0,5.827999999999999,0.59325,1.14184,0.19317,0.27815
57,Peru,2015-01-01,58.0,5.824,0.9001899999999999,0.97459,0.05989,0.14982
58,Belarus,2015-01-01,59.0,5.813,1.0319200000000002,1.23289,0.1909,0.11045999999999999
59,Poland,2015-01-01,60.0,5.791,1.12555,1.27948,0.04212,0.16759000000000002
60,Malaysia,2015-01-01,61.0,5.77,1.12486,1.07023,0.10500999999999999,0.33075
61,Croatia,2015-01-01,62.0,5.7589999999999995,1.08254,0.79624,0.0243,0.054439999999999995
62,Libya,2015-01-01,63.0,5.754,1.13145,1.1186200000000002,0.11023,0.18295
63,Russia,2015-01-01,64.0,5.716,1.13764,1.23617,0.03005,0.00199
64,Jamaica,2015-01-01,65.0,5.709,0.81038,1.1510200000000002,0.02299,0.2123
65,North Cyprus,2015-01-01,66.0,5.695,1.2080600000000001,1.07008,0.1428,0.26169000000000003
66,Cyprus,2015-01-01,67.0,5.689,1.20813,0.89318,0.06146,0.30638000000000004
67,Algeria,2015-01-01,68.0,5.605,0.93929,1.07772,0.17382999999999998,0.07822
68,Kosovo,2015-01-01,69.0,5.5889999999999995,0.80148,0.81198,0.04741,0.2831
69,Turkmenistan,2015-01-01,70.0,5.547999999999999,0.95847,1.22668,0.30844,0.16979
70,Mauritius,2015-01-01,71.0,5.477,1.0076100000000001,0.98521,0.07521,0.37744
71,Hong Kong,2015-01-01,72.0,5.474,1.38604,1.05818,0.37124,0.39478
72,Estonia,2015-01-01,73.0,5.428999999999999,1.15174,1.22791,0.15184,0.0868
73,Indonesia,2015-01-01,74.0,5.399,0.8282700000000001,1.0870799999999998,0.0,0.51535
74,Vietnam,2015-01-01,75.0,5.36,0.63216,0.9122600000000001,0.10440999999999999,0.1686
75,Turkey,2015-01-01,76.0,5.332000000000001,1.06098,0.94632,0.15746,0.12253
76,Kyrgyzstan,2015-01-01,77.0,5.2860000000000005,0.47428000000000003,1.15115,0.042319999999999997,0.3003
77,Nigeria,2015-01-01,78.0,5.268,0.65435,0.9043200000000001,0.0403,0.27233
78,Bhutan,2015-01-01,79.0,5.252999999999999,0.77042,1.10395,0.15445,0.47998
79,Azerbaijan,2015-01-01,80.0,5.212000000000001,1.02389,0.9379299999999999,0.16065,0.07799
80,Pakistan,2015-01-01,81.0,5.194,0.59543,0.41411000000000003,0.10464000000000001,0.33671
81,Jordan,2015-01-01,82.0,5.192,0.9019799999999999,1.05392,0.14293,0.11052999999999999
82,Montenegro,2015-01-01,82.0,5.192,0.9743799999999999,0.9055700000000001,0.14296,0.1614
83,China,2015-01-01,84.0,5.14,0.89012,0.94675,0.02781,0.08185
84,Zambia,2015-01-01,85.0,5.129,0.47038,0.91612,0.12468,0.19591
85,Romania,2015-01-01,86.0,5.124,1.04345,0.8858799999999999,0.006490000000000001,0.13748
86,Serbia,2015-01-01,87.0,5.122999999999999,0.92053,1.0096399999999999,0.02617,0.19230999999999998
87,Portugal,2015-01-01,88.0,5.102,1.15991,1.13935,0.01078,0.13719
88,Latvia,2015-01-01,89.0,5.098,1.11312,1.09562,0.06332,0.18225999999999998
89,Philippines,2015-01-01,90.0,5.073,0.70532,1.03516,0.12279000000000001,0.24991
90,Somaliland region,2015-01-01,91.0,5.0569999999999995,0.18847,0.95152,0.39928,0.5031800000000001
91,Morocco,2015-01-01,92.0,5.013,0.7347899999999999,0.64095,0.08546000000000001,0.07172
92,Macedonia,2015-01-01,93.0,5.007,0.91851,1.00232,0.053270000000000005,0.22359
93,Mozambique,2015-01-01,94.0,4.971,0.08308,1.02626,0.15603,0.22269
94,Albania,2015-01-01,95.0,4.959,0.8786700000000001,0.8043399999999999,0.06412999999999999,0.14272
95,Bosnia and Herzegovina,2015-01-01,96.0,4.949,0.8322299999999999,0.9191600000000001,0.00227,0.24808000000000002
96,Lesotho,2015-01-01,97.0,4.898,0.37545,1.04103,0.12504,0.16388
97,Dominican Republic,2015-01-01,98.0,4.885,0.8953700000000001,1.17202,0.14234000000000002,0.21684
98,Laos,2015-01-01,99.0,4.876,0.5906600000000001,0.73803,0.24249,0.42191999999999996
99,Mongolia,2015-01-01,100.0,4.874,0.82819,1.3006,0.026660000000000003,0.3323
100,Swaziland,2015-01-01,101.0,4.867,0.71206,1.07284,0.0306,0.18259
101,Greece,2015-01-01,102.0,4.857,1.15406,0.9293299999999999,0.013969999999999998,0.0
102,Lebanon,2015-01-01,103.0,4.8389999999999995,1.0256399999999999,0.80001,0.04582,0.21854
103,Hungary,2015-01-01,104.0,4.8,1.12094,1.20215,0.02758,0.128
104,Honduras,2015-01-01,105.0,4.788,0.59532,0.9534799999999999,0.06825,0.23026999999999997
105,Tajikistan,2015-01-01,106.0,4.7860000000000005,0.39047,0.8556299999999999,0.15072,0.22974
106,Tunisia,2015-01-01,107.0,4.739,0.88113,0.60429,0.06358,0.06431
107,Palestinian Territories,2015-01-01,108.0,4.715,0.59867,0.92558,0.12905,0.11250999999999999
108,Bangladesh,2015-01-01,109.0,4.694,0.39753,0.43106000000000005,0.12569,0.21222
109,Iran,2015-01-01,110.0,4.686,1.0088,0.54447,0.058629999999999995,0.38086
110,Ukraine,2015-01-01,111.0,4.681,0.79907,1.20278,0.02961,0.15275
111,Iraq,2015-01-01,112.0,4.677,0.98549,0.81889,0.13788,0.17922000000000002
112,South Africa,2015-01-01,113.0,4.6419999999999995,0.9204899999999999,1.18468,0.08884,0.11972999999999999
113,Ghana,2015-01-01,114.0,4.633,0.5455800000000001,0.6795399999999999,0.04355,0.23087
114,Zimbabwe,2015-01-01,115.0,4.61,0.271,1.0327600000000001,0.08079,0.18987
115,Liberia,2015-01-01,116.0,4.571000000000001,0.0712,0.78968,0.06232000000000001,0.24361999999999998
116,India,2015-01-01,117.0,4.565,0.64499,0.38174,0.08492000000000001,0.26475
117,Sudan,2015-01-01,118.0,4.55,0.52107,1.01404,0.1466,0.19062
118,Haiti,2015-01-01,119.0,4.518,0.26673,0.74302,0.17175,0.46187
119,Congo (Kinshasa),2015-01-01,120.0,4.5169999999999995,0.0,1.0012,0.07625,0.24834
120,Nepal,2015-01-01,121.0,4.513999999999999,0.35996999999999996,0.86449,0.059070000000000004,0.32295999999999997
121,Ethiopia,2015-01-01,122.0,4.512,0.19072999999999998,0.60406,0.15048,0.24325
122,Sierra Leone,2015-01-01,123.0,4.507,0.33024000000000003,0.9557100000000001,0.08786000000000001,0.21488000000000002
123,Mauritania,2015-01-01,124.0,4.436,0.45407,0.86908,0.17461,0.21899999999999997
124,Kenya,2015-01-01,125.0,4.419,0.36471,0.99876,0.05839,0.37542
125,Djibouti,2015-01-01,126.0,4.369,0.44025,0.59207,0.28105,0.18093
126,Armenia,2015-01-01,127.0,4.35,0.7682100000000001,0.7771100000000001,0.039,0.07855
127,Botswana,2015-01-01,128.0,4.332,0.99355,1.10464,0.12474,0.10461
128,Myanmar,2015-01-01,129.0,4.3069999999999995,0.27108000000000004,0.70905,0.19034,0.79588
129,Georgia,2015-01-01,130.0,4.297,0.7419,0.38561999999999996,0.38331,0.055470000000000005
130,Malawi,2015-01-01,131.0,4.292,0.016040000000000002,0.41134,0.06977,0.33128
131,Sri Lanka,2015-01-01,132.0,4.271,0.83524,1.01905,0.09179,0.40828000000000003
132,Cameroon,2015-01-01,133.0,4.252,0.4225,0.8876700000000001,0.05786,0.20618000000000003
133,Bulgaria,2015-01-01,134.0,4.218,1.01216,1.10614,0.00872,0.11921
134,Egypt,2015-01-01,135.0,4.194,0.8818,0.747,0.06324,0.11291
135,Yemen,2015-01-01,136.0,4.077,0.5464899999999999,0.68093,0.07854,0.09131
136,Angola,2015-01-01,137.0,4.033,0.75778,0.8604,0.07122,0.12344000000000001
137,Mali,2015-01-01,138.0,3.995,0.26074,1.03526,0.12352,0.18798
138,Congo (Brazzaville),2015-01-01,139.0,3.989,0.67866,0.6629,0.11685999999999999,0.12387999999999999
139,Comoros,2015-01-01,140.0,3.9560000000000004,0.23906,0.79273,0.19899999999999998,0.17440999999999998
140,Uganda,2015-01-01,141.0,3.931,0.21101999999999999,1.13299,0.07267,0.29066
141,Senegal,2015-01-01,142.0,3.904,0.36498,0.97619,0.10712999999999999,0.20843000000000003
142,Gabon,2015-01-01,143.0,3.8960000000000004,1.06024,0.90528,0.11091,0.06822
143,Niger,2015-01-01,144.0,3.845,0.0694,0.77265,0.15639,0.19387000000000001
144,Cambodia,2015-01-01,145.0,3.819,0.46038,0.62736,0.07247,0.40359
145,Tanzania,2015-01-01,146.0,3.781,0.2852,1.00268,0.05747000000000001,0.34376999999999996
146,Madagascar,2015-01-01,147.0,3.681,0.20824,0.66801,0.08123999999999999,0.21333000000000002
147,Central African Republic,2015-01-01,148.0,3.678,0.0785,0.0,0.08288999999999999,0.23835
148,Chad,2015-01-01,149.0,3.667,0.34193,0.76062,0.05269,0.18386
149,Guinea,2015-01-01,150.0,3.656,0.17417,0.46475,0.12139000000000001,0.28657
150,Ivory Coast,2015-01-01,151.0,3.655,0.46534,0.77115,0.17922000000000002,0.20165
151,Burkina Faso,2015-01-01,152.0,3.5869999999999997,0.25811999999999996,0.85188,0.12832000000000002,0.21746999999999997
152,Afghanistan,2015-01-01,153.0,3.575,0.31982,0.30285,0.09719,0.3651
153,Rwanda,2015-01-01,154.0,3.465,0.22208000000000003,0.7737,0.55191,0.22628
154,Benin,2015-01-01,155.0,3.34,0.28665,0.35386,0.0801,0.1826
155,Syria,2015-01-01,156.0,3.0060000000000002,0.6632,0.47489,0.18905999999999998,0.47179
156,Burundi,2015-01-01,157.0,2.905,0.0153,0.41586999999999996,0.10062,0.19727
157,Togo,2015-01-01,158.0,2.839,0.20868,0.13995,0.10730999999999999,0.16680999999999999
158,Denmark,2016-01-01,1.0,7.526,1.4417799999999998,1.16374,0.44453000000000004,0.36171
159,Switzerland,2016-01-01,2.0,7.5089999999999995,1.5273299999999999,1.14524,0.41203,0.28083
160,Iceland,2016-01-01,3.0,7.501,1.42666,1.18326,0.14975,0.47678000000000004
161,Norway,2016-01-01,4.0,7.497999999999999,1.57744,1.1269,0.35775999999999997,0.37895
162,Finland,2016-01-01,5.0,7.412999999999999,1.40598,1.1346399999999999,0.41003999999999996,0.25492
163,Canada,2016-01-01,6.0,7.404,1.44015,1.0961,0.31329,0.44833999999999996
164,Netherlands,2016-01-01,7.0,7.3389999999999995,1.46468,1.02912,0.29927,0.47416
165,New Zealand,2016-01-01,8.0,7.334,1.36066,1.17278,0.41903999999999997,0.49401000000000006
166,Australia,2016-01-01,9.0,7.313,1.4444299999999999,1.10476,0.32331,0.47407
167,Sweden,2016-01-01,10.0,7.291,1.45181,1.08764,0.40867,0.38254
168,Israel,2016-01-01,11.0,7.267,1.33766,0.9953700000000001,0.08728,0.32288
169,Austria,2016-01-01,12.0,7.119,1.45038,1.0838299999999998,0.21348000000000003,0.32865
170,United States,2016-01-01,13.0,7.104,1.50796,1.04782,0.14868,0.41076999999999997
171,Costa Rica,2016-01-01,14.0,7.087000000000001,1.06879,1.02152,0.10547000000000001,0.22553
172,Puerto Rico,2016-01-01,15.0,7.039,1.35943,1.08113,0.12275,0.22202
173,Germany,2016-01-01,16.0,6.994,1.44787,1.09774,0.28551,0.30451999999999996
174,Brazil,2016-01-01,17.0,6.952000000000001,1.08754,1.03938,0.14165999999999998,0.15775999999999998
175,Belgium,2016-01-01,18.0,6.928999999999999,1.42539,1.05249,0.26248,0.2424
176,Ireland,2016-01-01,19.0,6.907,1.4834100000000001,1.16157,0.29754,0.44963000000000003
177,Luxembourg,2016-01-01,20.0,6.871,1.6975200000000001,1.03999,0.35329,0.27571
178,Mexico,2016-01-01,21.0,6.778,1.1150799999999998,0.7146,0.18355,0.11735
179,Singapore,2016-01-01,22.0,6.739,1.64555,0.8675799999999999,0.46986999999999995,0.32706
180,United Kingdom,2016-01-01,23.0,6.725,1.40283,1.0867200000000001,0.27399,0.50156
181,Chile,2016-01-01,24.0,6.705,1.2167,0.9058700000000001,0.11450999999999999,0.31595
182,Panama,2016-01-01,25.0,6.7010000000000005,1.18306,0.9891200000000001,0.08423,0.2418
183,Argentina,2016-01-01,26.0,6.65,1.15137,1.0661200000000002,0.07296,0.10989000000000002
184,Czech Republic,2016-01-01,27.0,6.596,1.30915,1.00793,0.03986,0.09929
185,United Arab Emirates,2016-01-01,28.0,6.5729999999999995,1.57352,0.8711399999999999,0.35561,0.26591
186,Uruguay,2016-01-01,29.0,6.545,1.18157,1.0314299999999998,0.21394000000000002,0.18056
187,Malta,2016-01-01,30.0,6.4879999999999995,1.30782,1.09879,0.17554,0.56237
188,Colombia,2016-01-01,31.0,6.481,1.0303200000000001,1.02169,0.053989999999999996,0.15625999999999998
189,France,2016-01-01,32.0,6.478,1.39488,1.00508,0.17808,0.1216
190,Thailand,2016-01-01,33.0,6.474,1.0893,1.04477,0.02833,0.58696
191,Saudi Arabia,2016-01-01,34.0,6.379,1.48953,0.84829,0.30008,0.15457
192,Taiwan,2016-01-01,34.0,6.379,1.39729,0.92624,0.0663,0.25495
193,Qatar,2016-01-01,36.0,6.375,1.82427,0.87964,0.48049,0.32388
194,Spain,2016-01-01,37.0,6.361000000000001,1.34253,1.12945,0.06137000000000001,0.17665
195,Algeria,2016-01-01,38.0,6.355,1.05266,0.83309,0.16157,0.07044
196,Guatemala,2016-01-01,39.0,6.324,0.83454,0.8711899999999999,0.08701,0.28808
197,Suriname,2016-01-01,40.0,6.269,1.09686,0.77866,0.12692,0.16665
198,Kuwait,2016-01-01,41.0,6.239,1.61714,0.8775799999999999,0.23669,0.15965
199,Bahrain,2016-01-01,42.0,6.218,1.44024,0.9439700000000001,0.25772,0.17147
200,Trinidad and Tobago,2016-01-01,43.0,6.167999999999999,1.32572,0.98569,0.01241,0.31935
201,Venezuela,2016-01-01,44.0,6.084,1.1336700000000002,1.03302,0.08304,0.0425
202,Slovakia,2016-01-01,45.0,6.077999999999999,1.27973,1.0826799999999999,0.02947,0.13837
203,El Salvador,2016-01-01,46.0,6.068,0.8737,0.80975,0.10613,0.08877
204,Malaysia,2016-01-01,47.0,6.005,1.25142,0.88025,0.09081,0.41473999999999994
205,Nicaragua,2016-01-01,48.0,5.992000000000001,0.69384,0.8952100000000001,0.16292,0.29773
206,Uzbekistan,2016-01-01,49.0,5.987,0.7359100000000001,1.1681,0.28333,0.34326
207,Italy,2016-01-01,50.0,5.977,1.35495,1.04167,0.02556,0.16684000000000002
208,Ecuador,2016-01-01,51.0,5.976,0.97306,0.85974,0.18037,0.10074
209,Belize,2016-01-01,52.0,5.956,0.87616,0.68655,0.10770999999999999,0.23684000000000002
210,Japan,2016-01-01,53.0,5.921,1.3800700000000001,1.06054,0.18985,0.10224
211,Kazakhstan,2016-01-01,54.0,5.919,1.22943,0.95544,0.11132,0.15011
212,Moldova,2016-01-01,55.0,5.897,0.69177,0.8313200000000001,0.019030000000000002,0.19997
213,Russia,2016-01-01,56.0,5.856,1.2322799999999998,1.05261,0.03586,0.027360000000000002
214,Poland,2016-01-01,57.0,5.835,1.24585,1.04685,0.055,0.14443
215,South Korea,2016-01-01,57.0,5.835,1.35948,0.7219399999999999,0.07716,0.18824000000000002
216,Bolivia,2016-01-01,59.0,5.822,0.79422,0.8377899999999999,0.07746,0.21698
217,Lithuania,2016-01-01,60.0,5.813,1.2692,1.0641100000000001,0.0182,0.02025
218,Belarus,2016-01-01,61.0,5.8020000000000005,1.1306200000000002,1.04993,0.17457,0.13942000000000002
219,North Cyprus,2016-01-01,62.0,5.771,1.31141,0.81826,0.16577999999999998,0.26322
220,Slovenia,2016-01-01,63.0,5.768,1.2994700000000001,1.05613,0.03635,0.25738
221,Peru,2016-01-01,64.0,5.742999999999999,0.9960200000000001,0.81255,0.05292,0.14527
222,Turkmenistan,2016-01-01,65.0,5.6579999999999995,1.08017,1.03817,0.28467,0.22566999999999998
223,Mauritius,2016-01-01,66.0,5.648,1.14372,0.75695,0.05202999999999999,0.36951
224,Libya,2016-01-01,67.0,5.615,1.0668799999999998,0.95076,0.10339000000000001,0.17087
225,Latvia,2016-01-01,68.0,5.56,1.2178799999999999,0.95025,0.0889,0.17445
226,Cyprus,2016-01-01,69.0,5.546,1.31857,0.70697,0.05227999999999999,0.27906
227,Paraguay,2016-01-01,70.0,5.537999999999999,0.8937299999999999,1.11111,0.07396,0.25296
228,Romania,2016-01-01,71.0,5.528,1.1697,0.7280300000000001,0.006790000000000001,0.12889
229,Estonia,2016-01-01,72.0,5.517,1.2796399999999999,1.0516299999999998,0.18519000000000002,0.08423
230,Jamaica,2016-01-01,73.0,5.51,0.89333,0.96372,0.04294,0.22245
231,Croatia,2016-01-01,74.0,5.4879999999999995,1.18649,0.6080899999999999,0.04002,0.18434
232,Hong Kong,2016-01-01,75.0,5.457999999999999,1.5107,0.87021,0.31647,0.40097
233,Somalia,2016-01-01,76.0,5.44,0.0,0.33613000000000004,0.3118,0.27225
234,Kosovo,2016-01-01,77.0,5.401,0.90145,0.66062,0.06547,0.27992
235,Turkey,2016-01-01,78.0,5.388999999999999,1.1649200000000002,0.8771700000000001,0.12347999999999999,0.04707
236,Indonesia,2016-01-01,79.0,5.314,0.95104,0.87625,0.00322,0.56521
237,Jordan,2016-01-01,80.0,5.303,0.9967299999999999,0.86216,0.13297,0.14262
238,Azerbaijan,2016-01-01,81.0,5.291,1.12373,0.76042,0.17914000000000002,0.0564
239,Philippines,2016-01-01,82.0,5.279,0.81217,0.87877,0.11757000000000001,0.21674000000000002
240,China,2016-01-01,83.0,5.245,1.0278,0.79381,0.02745,0.049589999999999995
241,Bhutan,2016-01-01,84.0,5.196000000000001,0.8527,0.9083600000000001,0.1616,0.48546000000000006
242,Kyrgyzstan,2016-01-01,85.0,5.185,0.5604399999999999,0.95434,0.047619999999999996,0.38432
243,Serbia,2016-01-01,86.0,5.1770000000000005,1.03437,0.81329,0.04339,0.20736999999999997
244,Bosnia and Herzegovina,2016-01-01,87.0,5.162999999999999,0.9338299999999999,0.64367,0.0,0.29889
245,Montenegro,2016-01-01,88.0,5.1610000000000005,1.07838,0.74173,0.12721,0.17190999999999998
246,Dominican Republic,2016-01-01,89.0,5.155,1.02787,0.9949600000000001,0.12372000000000001,0.21286
247,Morocco,2016-01-01,90.0,5.151,0.8405799999999999,0.38595,0.08404,0.040530000000000004
248,Hungary,2016-01-01,91.0,5.145,1.24142,0.9316399999999999,0.044719999999999996,0.099
249,Pakistan,2016-01-01,92.0,5.132000000000001,0.68816,0.26135,0.1388,0.31185
250,Lebanon,2016-01-01,93.0,5.129,1.12268,0.64184,0.030610000000000002,0.23693000000000003
251,Portugal,2016-01-01,94.0,5.122999999999999,1.27607,0.9436700000000001,0.01521,0.11690999999999999
252,Macedonia,2016-01-01,95.0,5.121,1.0193,0.78236,0.07047,0.23506999999999997
253,Vietnam,2016-01-01,96.0,5.061,0.74037,0.7911699999999999,0.11556,0.25075
254,Somaliland Region,2016-01-01,97.0,5.0569999999999995,0.25558000000000003,0.75862,0.36794,0.51479
255,Tunisia,2016-01-01,98.0,5.045,0.97724,0.43165,0.0817,0.03936
256,Greece,2016-01-01,99.0,5.033,1.24886,0.75473,0.04127,0.0
257,Tajikistan,2016-01-01,100.0,4.996,0.48835,0.75602,0.13509000000000002,0.25998000000000004
258,Mongolia,2016-01-01,101.0,4.907,0.9885299999999999,1.0898299999999999,0.03285,0.34539000000000003
259,Laos,2016-01-01,102.0,4.876,0.68042,0.5497,0.22423,0.43078999999999995
260,Nigeria,2016-01-01,103.0,4.875,0.75216,0.64498,0.0305,0.23219
261,Honduras,2016-01-01,104.0,4.871,0.69429,0.7559600000000001,0.06906,0.2044
262,Iran,2016-01-01,105.0,4.813,1.11758,0.38856999999999997,0.0557,0.38538
263,Zambia,2016-01-01,106.0,4.795,0.61202,0.6376,0.11479,0.17865999999999999
264,Nepal,2016-01-01,107.0,4.793,0.44626000000000005,0.69699,0.07007999999999999,0.3816
265,Palestinian Territories,2016-01-01,108.0,4.754,0.67024,0.71629,0.10613,0.11154000000000001
266,Albania,2016-01-01,109.0,4.655,0.9553,0.50163,0.05301,0.1684
267,Bangladesh,2016-01-01,110.0,4.643,0.54177,0.24749000000000002,0.12583,0.19132000000000002
268,Sierra Leone,2016-01-01,111.0,4.635,0.36485,0.628,0.08196,0.23897
269,Iraq,2016-01-01,112.0,4.575,1.07474,0.59205,0.13635999999999998,0.19589
270,Namibia,2016-01-01,113.0,4.574,0.9328700000000001,0.70362,0.10397999999999999,0.07795
271,Cameroon,2016-01-01,114.0,4.513,0.5249699999999999,0.62542,0.06126,0.2268
272,Ethiopia,2016-01-01,115.0,4.508,0.29283000000000003,0.37932,0.1717,0.29522
273,South Africa,2016-01-01,116.0,4.459,1.02416,0.9605299999999999,0.08415,0.13656
274,Sri Lanka,2016-01-01,117.0,4.415,0.9731799999999999,0.84783,0.07964,0.46978000000000003
275,India,2016-01-01,118.0,4.404,0.74036,0.29247,0.08722,0.25028
276,Myanmar,2016-01-01,119.0,4.395,0.34112,0.69981,0.20243,0.81971
277,Egypt,2016-01-01,120.0,4.362,0.95395,0.49813,0.10393,0.12705999999999998
278,Armenia,2016-01-01,121.0,4.36,0.8608600000000001,0.6247699999999999,0.036160000000000005,0.07793
279,Kenya,2016-01-01,122.0,4.356,0.52267,0.7624,0.06686,0.41328000000000004
280,Ukraine,2016-01-01,123.0,4.324,0.87287,1.01413,0.01829,0.20363
281,Ghana,2016-01-01,124.0,4.276,0.63107,0.49353,0.0326,0.21203000000000002
282,Congo (Kinshasa),2016-01-01,125.0,4.272,0.05661,0.80676,0.06075,0.25458000000000003
283,Georgia,2016-01-01,126.0,4.252,0.8379200000000001,0.19249000000000002,0.3188,0.06786
284,Congo (Brazzaville),2016-01-01,127.0,4.236000000000001,0.7710899999999999,0.47798999999999997,0.09752999999999999,0.12077
285,Senegal,2016-01-01,128.0,4.218999999999999,0.44314,0.7741600000000001,0.11681,0.19103
286,Bulgaria,2016-01-01,129.0,4.217,1.11306,0.92542,0.00615,0.12793
287,Mauritania,2016-01-01,130.0,4.2010000000000005,0.6139100000000001,0.8414200000000001,0.17955,0.22685999999999998
288,Zimbabwe,2016-01-01,131.0,4.1930000000000005,0.35041,0.71478,0.08582000000000001,0.18503
289,Malawi,2016-01-01,132.0,4.156000000000001,0.08709,0.147,0.07564,0.30968
290,Sudan,2016-01-01,133.0,4.138999999999999,0.63069,0.8192799999999999,0.10039,0.18077000000000001
291,Gabon,2016-01-01,134.0,4.121,1.15851,0.72368,0.09314,0.062439999999999996
292,Mali,2016-01-01,135.0,4.073,0.31292,0.8633299999999999,0.13647,0.21064000000000002
293,Haiti,2016-01-01,136.0,4.0280000000000005,0.34097,0.29561,0.14476,0.47958
294,Botswana,2016-01-01,137.0,3.9739999999999998,1.09426,0.89186,0.10769000000000001,0.12425
295,Comoros,2016-01-01,138.0,3.9560000000000004,0.27509,0.60323,0.18437,0.1827
296,Ivory Coast,2016-01-01,139.0,3.9160000000000004,0.55507,0.57576,0.1553,0.20338
297,Cambodia,2016-01-01,140.0,3.907,0.55604,0.5375,0.08092,0.40339
298,Angola,2016-01-01,141.0,3.866,0.84731,0.66366,0.08434,0.12070999999999998
299,Niger,2016-01-01,142.0,3.8560000000000003,0.1327,0.6053,0.17176,0.2097
300,South Sudan,2016-01-01,143.0,3.832,0.39394,0.18519000000000002,0.13015,0.25899
301,Chad,2016-01-01,144.0,3.763,0.42213999999999996,0.63178,0.04952,0.18667
302,Burkina Faso,2016-01-01,145.0,3.739,0.31995,0.63054,0.12533,0.24353000000000002
303,Uganda,2016-01-01,145.0,3.739,0.34719,0.90981,0.06442,0.27102
304,Yemen,2016-01-01,147.0,3.7239999999999998,0.57939,0.47493,0.05892000000000001,0.09821
305,Madagascar,2016-01-01,148.0,3.695,0.27954,0.46115,0.07506,0.2204
306,Tanzania,2016-01-01,149.0,3.6660000000000004,0.47155,0.77623,0.05099,0.31472
307,Liberia,2016-01-01,150.0,3.622,0.10705999999999999,0.50353,0.04852,0.24063
308,Guinea,2016-01-01,151.0,3.6069999999999998,0.22415,0.3109,0.1192,0.29914
309,Rwanda,2016-01-01,152.0,3.515,0.32846,0.6158600000000001,0.50521,0.23551999999999998
310,Benin,2016-01-01,153.0,3.484,0.39499,0.10419,0.06681000000000001,0.2018
311,Afghanistan,2016-01-01,154.0,3.36,0.38227,0.11037000000000001,0.07112,0.31268
312,Togo,2016-01-01,155.0,3.303,0.28123000000000004,0.0,0.11587,0.17517
313,Syria,2016-01-01,156.0,3.069,0.7471899999999999,0.14866,0.17232999999999998,0.48396999999999996
314,Burundi,2016-01-01,157.0,2.905,0.06831,0.23442,0.09419,0.2029
315,Norway,2017-01-01,1.0,7.537000179290769,1.6164631843566901,1.53352355957031,0.31596383452415505,0.36201223731041
316,Denmark,2017-01-01,2.0,7.52199983596802,1.48238301277161,1.55112159252167,0.40077006816863997,0.3552804887294771
317,Iceland,2017-01-01,3.0,7.50400018692017,1.480633020401,1.6105740070343,0.15352655947208402,0.47554022073745705
318,Switzerland,2017-01-01,4.0,7.49399995803833,1.5649795532226598,1.51691174507141,0.36700728535652205,0.29054927825927696
319,Finland,2017-01-01,5.0,7.468999862670901,1.44357192516327,1.5402467250824,0.38261154294014,0.24548277258873
320,Netherlands,2017-01-01,6.0,7.3769998550415,1.50394463539124,1.42893922328949,0.282661825418472,0.47048982977867104
321,Canada,2017-01-01,7.0,7.31599998474121,1.47920441627502,1.48134899139404,0.287371516227722,0.435539722442627
322,New Zealand,2017-01-01,8.0,7.31400012969971,1.40570604801178,1.54819512367249,0.38281670212745705,0.500005125999451
323,Sweden,2017-01-01,9.0,7.28399991989136,1.49438726902008,1.47816216945648,0.384398728609085,0.38539925217628496
324,Australia,2017-01-01,10.0,7.28399991989136,1.4844149351120002,1.5100419521331798,0.301183730363846,0.47769924998283403
325,Israel,2017-01-01,11.0,7.212999820709231,1.3753824234008798,1.37628996372223,0.0852421000599861,0.330082654953003
326,Costa Rica,2017-01-01,12.0,7.0789999961853,1.10970628261566,1.4164036512374898,0.100106589496136,0.21461322903633104
327,Austria,2017-01-01,13.0,7.00600004196167,1.4870972633361799,1.4599449634552,0.22106036543846105,0.316472321748734
328,United States,2017-01-01,14.0,6.993000030517581,1.54625928401947,1.4199205636978103,0.135638788342476,0.392578780651093
329,Ireland,2017-01-01,15.0,6.9770002365112305,1.5357066392898602,1.5582311153411899,0.29838815331459007,0.42785832285881
330,Germany,2017-01-01,16.0,6.9510002136230495,1.48792338371277,1.47252035140991,0.276731938123703,0.33626917004585305
331,Belgium,2017-01-01,17.0,6.89099979400635,1.4637807607650801,1.4623126983642598,0.251343131065369,0.23150333762168898
332,Luxembourg,2017-01-01,18.0,6.86299991607666,1.74194359779358,1.45758366584778,0.31883442401886,0.283180981874466
333,United Kingdom,2017-01-01,19.0,6.71400022506714,1.44163393974304,1.4964600801467902,0.265428066253662,0.492774158716202
334,Chile,2017-01-01,20.0,6.65199995040894,1.25278460979462,1.28402495384216,0.0822879821062088,0.3266624212265011
335,United Arab Emirates,2017-01-01,21.0,6.6479997634887695,1.6263433694839498,1.2664102315902699,0.324489563703537,0.3609419465065
336,Brazil,2017-01-01,22.0,6.6350002288818395,1.1073532104492199,1.43130600452423,0.11109276115894301,0.16234989464282998
337,Czech Republic,2017-01-01,23.0,6.60900020599365,1.35268235206604,1.4338852167129499,0.0368729270994663,0.0881067588925362
338,Argentina,2017-01-01,24.0,6.59899997711182,1.18529546260834,1.44045114517212,0.05973988771438599,0.109457060694695
339,Mexico,2017-01-01,25.0,6.57800006866455,1.1531838178634601,1.2108621597290001,0.132774114608765,0.12099043279886199
340,Singapore,2017-01-01,26.0,6.57200002670288,1.69227766990662,1.35381436347961,0.46430778503417997,0.345965981483459
341,Malta,2017-01-01,27.0,6.52699995040894,1.34327983856201,1.48841166496277,0.153066068887711,0.5747305750846861
342,Uruguay,2017-01-01,28.0,6.4539999961853,1.2175596952438401,1.4122278690338101,0.17806187272071802,0.175096929073334
343,Guatemala,2017-01-01,29.0,6.4539999961853,0.872001945972443,1.25558519363403,0.0772232785820961,0.283488392829895
344,Panama,2017-01-01,30.0,6.4520001411438,1.23374843597412,1.3731925487518302,0.070983923971653,0.21055693924427
345,France,2017-01-01,31.0,6.44199991226196,1.43092346191406,1.38777685165405,0.172502428293228,0.129762306809425
346,Thailand,2017-01-01,32.0,6.4239997863769505,1.12786877155304,1.4257924556732198,0.0316127352416515,0.572123110294342
347,Taiwan Province of China,2017-01-01,33.0,6.42199993133545,1.4336265325546298,1.38456535339355,0.0638292357325554,0.258360475301743
348,Spain,2017-01-01,34.0,6.40299987792969,1.38439786434174,1.53209090232849,0.0709140971302986,0.190133571624756
349,Qatar,2017-01-01,35.0,6.375,1.8707656860351598,1.27429687976837,0.43929925560951205,0.33047387003898604
350,Colombia,2017-01-01,36.0,6.35699987411499,1.07062232494354,1.4021829366683998,0.0466687418520451,0.14901447296142598
351,Saudi Arabia,2017-01-01,37.0,6.343999862670901,1.53062355518341,1.28667759895325,0.27343225479126004,0.147616013884544
352,Trinidad and Tobago,2017-01-01,38.0,6.1680002212524405,1.36135590076447,1.3802285194397,0.00896481610834599,0.32529646158218395
353,Kuwait,2017-01-01,39.0,6.10500001907349,1.63295245170593,1.25969874858856,0.21515955030918102,0.228289797902107
354,Slovakia,2017-01-01,40.0,6.09800004959106,1.32539355754852,1.5050592422485398,0.0242108516395092,0.136544480919838
355,Bahrain,2017-01-01,41.0,6.08699989318848,1.4884122610092199,1.3231104612350502,0.257042169570923,0.17266848683357197
356,Malaysia,2017-01-01,42.0,6.08400011062622,1.29121541976929,1.28464603424072,0.0656007081270218,0.416608929634094
357,Nicaragua,2017-01-01,43.0,6.07100009918213,0.737299203872681,1.28721570968628,0.130687981843948,0.301674216985703
358,Ecuador,2017-01-01,44.0,6.00799989700317,1.00082039833069,1.2861688137054401,0.140134647488594,0.15011246502399403
359,El Salvador,2017-01-01,45.0,6.002999782562259,0.9097844958305359,1.1821250915527302,0.0899809598922729,0.0782579854130745
360,Poland,2017-01-01,46.0,5.97300004959106,1.29178786277771,1.44571197032928,0.0593078061938286,0.158465966582298
361,Uzbekistan,2017-01-01,47.0,5.97100019454956,0.786441087722778,1.5489691495895401,0.246528223156929,0.41598364710807795
362,Italy,2017-01-01,48.0,5.96400022506714,1.3950666189193701,1.44492328166962,0.0280280914157629,0.17278964817523998
363,Russia,2017-01-01,49.0,5.962999820709231,1.28177809715271,1.46928238868713,0.0329628810286522,0.0522638224065304
364,Belize,2017-01-01,50.0,5.955999851226809,0.907975316047668,1.0814177989959701,0.0965810716152191,0.24001564085483604
365,Japan,2017-01-01,51.0,5.92000007629395,1.41691517829895,1.43633782863617,0.163760736584663,0.12057276815175999
366,Lithuania,2017-01-01,52.0,5.90199995040894,1.3145823478698702,1.47351610660553,0.0118656428530812,0.010164656676352
367,Algeria,2017-01-01,53.0,5.872000217437741,1.09186446666718,1.1462174654007,0.14609611034393302,0.0694366469979286
368,Latvia,2017-01-01,54.0,5.849999904632571,1.26074862480164,1.40471494197845,0.0738427266478539,0.153074786067009
369,South Korea,2017-01-01,55.0,5.837999820709231,1.40167844295502,1.1282744407653797,0.0632826685905457,0.206674367189407
370,Moldova,2017-01-01,56.0,5.837999820709231,0.7288706302642819,1.25182557106018,0.0100912861526012,0.20877912640571603
371,Romania,2017-01-01,57.0,5.824999809265139,1.21768391132355,1.15009129047394,0.0043879006989300294,0.133519917726517
372,Bolivia,2017-01-01,58.0,5.82299995422363,0.833756566047668,1.2276190519332901,0.0604777261614799,0.22556072473526
373,Turkmenistan,2017-01-01,59.0,5.82200002670288,1.1307767629623402,1.49314916133881,0.25927034020423895,0.24992498755454998
374,Kazakhstan,2017-01-01,60.0,5.8189997673034695,1.2845562696456898,1.3843690156936599,0.11928288638591802,0.20196442306041698
375,North Cyprus,2017-01-01,61.0,5.80999994277954,1.3469113111496,1.18630337715149,0.155353352427483,0.266845703125
376,Slovenia,2017-01-01,62.0,5.75799989700317,1.3412059545516999,1.4525188207626298,0.0451289787888527,0.242649093270302
377,Peru,2017-01-01,63.0,5.71500015258789,1.0352252721786501,1.21877038478851,0.0470490865409374,0.126819714903831
378,Mauritius,2017-01-01,64.0,5.62900018692017,1.1893955469131499,1.20956099033356,0.0421815551817417,0.360933750867844
379,Cyprus,2017-01-01,65.0,5.62099981307983,1.3559380769729599,1.13136327266693,0.0412379764020443,0.271254301071167
380,Estonia,2017-01-01,66.0,5.61100006103516,1.3208793401718102,1.47667109966278,0.18324892222881303,0.0988908112049103
381,Belarus,2017-01-01,67.0,5.5689997673034695,1.15655755996704,1.4449452161788898,0.156313821673393,0.15513750910759
382,Libya,2017-01-01,68.0,5.525000095367429,1.1018030643463101,1.3575643301010099,0.0926102101802826,0.15207366645336198
383,Turkey,2017-01-01,69.0,5.5,1.1982743740081798,1.33775317668915,0.0996715798974037,0.0466930419206619
384,Paraguay,2017-01-01,70.0,5.493000030517581,0.932537317276001,1.50728487968445,0.091065913438797,0.224150657653809
385,"Hong Kong S.A.R., China",2017-01-01,71.0,5.47200012207031,1.55167484283447,1.26279091835022,0.29393374919891396,0.374465793371201
386,Philippines,2017-01-01,72.0,5.42999982833862,0.85769921541214,1.25391757488251,0.0993318930268288,0.193513423204422
387,Serbia,2017-01-01,73.0,5.39499998092651,1.06931757926941,1.2581897974014298,0.0409037806093693,0.22012588381767298
388,Jordan,2017-01-01,74.0,5.33599996566772,0.9910123944282528,1.2390888929367099,0.11980327218771002,0.17217046022415197
389,Hungary,2017-01-01,75.0,5.32399988174438,1.2860119342803997,1.34313309192657,0.0366369374096394,0.0784016624093056
390,Jamaica,2017-01-01,76.0,5.31099987030029,0.925579309463501,1.3682180643081698,0.0552677810192108,0.23381833732128102
391,Croatia,2017-01-01,77.0,5.2930002212524405,1.22255623340607,0.9679830074310299,0.0431031100451946,0.248002976179123
392,Kosovo,2017-01-01,78.0,5.27899980545044,0.951484382152557,1.1378535032272301,0.0574716180562973,0.319931447505951
393,China,2017-01-01,79.0,5.2729997634887695,1.08116579055786,1.16083741188049,0.0227942746132612,0.0288068410009146
394,Pakistan,2017-01-01,80.0,5.26900005340576,0.7268835306167599,0.6726906895637509,0.12434806674718901,0.31544601917266807
395,Indonesia,2017-01-01,81.0,5.26200008392334,0.995538592338562,1.2744446992874099,0.0153171354904771,0.611704587936401
396,Venezuela,2017-01-01,82.0,5.25,1.12843120098114,1.43133759498596,0.0644911229610443,0.0650196298956871
397,Montenegro,2017-01-01,83.0,5.23699998855591,1.12112903594971,1.23837649822235,0.0881741940975189,0.197911024093628
398,Morocco,2017-01-01,84.0,5.2350001335144,0.8781145811080929,0.774864435195923,0.0877631828188896,0.0322099551558495
399,Azerbaijan,2017-01-01,85.0,5.234000205993651,1.1536017656326298,1.15240025520325,0.180987507104874,0.0452693402767181
400,Dominican Republic,2017-01-01,86.0,5.230000019073491,1.07937383651733,1.4024167060852097,0.113945253193378,0.186967849731445
401,Greece,2017-01-01,87.0,5.2270002365112305,1.28948748111725,1.23941457271576,0.043289776891470004,0.0
402,Lebanon,2017-01-01,88.0,5.22499990463257,1.07498753070831,1.1296242475509601,0.037513829767704,0.26445075869560203
403,Portugal,2017-01-01,89.0,5.19500017166138,1.3151752948761002,1.36704301834106,0.0158694516867399,0.0951027125120163
404,Bosnia and Herzegovina,2017-01-01,90.0,5.18200016021729,0.982409417629242,1.0693359375,0.0,0.328867495059967
405,Honduras,2017-01-01,91.0,5.1810002326965305,0.730573117733002,1.14394497871399,0.0733454525470734,0.23618887364864302
406,Macedonia,2017-01-01,92.0,5.175000190734861,1.06457793712616,1.20789301395416,0.0602777935564518,0.25376096367836
407,Somalia,2017-01-01,93.0,5.151000022888179,0.0226431842893362,0.7211513519287109,0.28241032361984303,0.291631311178207
408,Vietnam,2017-01-01,94.0,5.07399988174438,0.7885475754737851,1.27749133110046,0.0876332372426987,0.23496805131435397
409,Nigeria,2017-01-01,95.0,5.07399988174438,0.783756256103516,1.21577048301697,0.0261215660721064,0.23094719648361198
410,Tajikistan,2017-01-01,96.0,5.04099988937378,0.524713635444641,1.27146327495575,0.14637714624404902,0.24899764358997303
411,Bhutan,2017-01-01,97.0,5.01100015640259,0.885416388511658,1.3401265144348102,0.17338038980960802,0.474054545164108
412,Kyrgyzstan,2017-01-01,98.0,5.0040001869201705,0.5962200760841371,1.39423859119415,0.0394391790032387,0.42858037352562
413,Nepal,2017-01-01,99.0,4.961999893188481,0.479820191860199,1.17928326129913,0.0729755461215973,0.39409616589546204
414,Mongolia,2017-01-01,100.0,4.95499992370605,1.0272358655929599,1.4930112361908001,0.0329022891819477,0.338464230298996
415,South Africa,2017-01-01,101.0,4.8289999961853,1.05469870567322,1.38478863239288,0.0725094974040985,0.13936237990856198
416,Tunisia,2017-01-01,102.0,4.80499982833862,1.00726580619812,0.8683514595031742,0.0867231488227844,0.0496933571994305
417,Palestinian Territories,2017-01-01,103.0,4.77500009536743,0.716249227523804,1.1556471586227401,0.0892826020717621,0.114173173904419
418,Egypt,2017-01-01,104.0,4.7350001335144,0.989701807498932,0.997471392154694,0.114381365478039,0.128631442785263
419,Bulgaria,2017-01-01,105.0,4.71400022506714,1.1614590883255,1.4343794584274299,0.0110515309497714,0.113177694380283
420,Sierra Leone,2017-01-01,106.0,4.70900011062622,0.36842092871666,0.984136044979095,0.0710951760411263,0.293040901422501
421,Cameroon,2017-01-01,107.0,4.69500017166138,0.564305365085602,0.946018218994141,0.0513066314160824,0.23629845678806302
422,Iran,2017-01-01,108.0,4.69199991226196,1.15687310695648,0.7115512490272521,0.048761073499918005,0.387242913246155
423,Albania,2017-01-01,109.0,4.64400005340576,0.996192753314972,0.8036852478981021,0.0398642159998417,0.20131294429302202
424,Bangladesh,2017-01-01,110.0,4.60799980163574,0.586682975292206,0.735131740570068,0.123717859387398,0.17225535213947304
425,Namibia,2017-01-01,111.0,4.57399988174438,0.964434325695038,1.0984708070755,0.0931469723582268,0.0771337449550629
426,Kenya,2017-01-01,112.0,4.55299997329712,0.560479462146759,1.0679507255554201,0.0646413192152977,0.444860309362411
427,Mozambique,2017-01-01,113.0,4.550000190734861,0.23430564999580397,0.870701014995575,0.17943638563156103,0.322228103876114
428,Myanmar,2017-01-01,114.0,4.54500007629395,0.36711055040359497,1.12323594093323,0.188816204667091,0.8380751609802249
429,Senegal,2017-01-01,115.0,4.53499984741211,0.479309022426605,1.17969191074371,0.11546044796705199,0.183468893170357
430,Zambia,2017-01-01,116.0,4.513999938964839,0.6364067792892459,1.00318729877472,0.0782135501503944,0.249580144882202
431,Iraq,2017-01-01,117.0,4.49700021743774,1.1027104854583702,0.978613197803497,0.10721575468778599,0.19963726401329
432,Gabon,2017-01-01,118.0,4.46500015258789,1.1982102394104,1.1556202173233001,0.0760467872023582,0.0437853783369064
433,Ethiopia,2017-01-01,119.0,4.46000003814697,0.339233845472336,0.8646692037582401,0.16545571386814098,0.31265074014663696
434,Sri Lanka,2017-01-01,120.0,4.44000005722046,1.00985014438629,1.25997638702393,0.0736539661884308,0.49086356163024897
435,Armenia,2017-01-01,121.0,4.37599992752075,0.900596737861633,1.00748372077942,0.0266744215041399,0.0834880918264389
436,India,2017-01-01,122.0,4.31500005722046,0.7922212481498722,0.754372596740723,0.0922268852591515,0.23153848946094502
437,Mauritania,2017-01-01,123.0,4.29199981689453,0.6484572887420649,1.2720308303833001,0.136957004666328,0.201870024204254
438,Congo (Brazzaville),2017-01-01,124.0,4.29099988937378,0.8089642524719242,0.8320443630218509,0.0796181336045265,0.12085212767124198
439,Georgia,2017-01-01,125.0,4.28599977493286,0.950612664222717,0.57061493396759,0.25166663527488703,0.0540088154375553
440,Congo (Kinshasa),2017-01-01,126.0,4.2800002098083505,0.0921023488044739,1.22902345657349,0.0602413564920425,0.246455833315849
441,Mali,2017-01-01,127.0,4.19000005722046,0.476180493831635,1.2814733982086202,0.10497024655342098,0.183354198932648
442,Ivory Coast,2017-01-01,128.0,4.17999982833862,0.6030489206314089,0.904780030250549,0.130061775445938,0.201237469911575
443,Cambodia,2017-01-01,129.0,4.1680002212524405,0.6017650961875921,1.00623834133148,0.0681059509515762,0.385922968387604
444,Sudan,2017-01-01,130.0,4.138999938964839,0.6595166921615601,1.21400856971741,0.089847519993782,0.182317450642586
445,Ghana,2017-01-01,131.0,4.11999988555908,0.667224824428558,0.873664736747742,0.0253363698720932,0.25692394375801103
446,Ukraine,2017-01-01,132.0,4.09600019454956,0.89465194940567,1.39453756809235,0.0230294708162546,0.270061463117599
447,Uganda,2017-01-01,133.0,4.08099985122681,0.381430715322495,1.12982773780823,0.057069718837738,0.32576605677604703
448,Burkina Faso,2017-01-01,134.0,4.03200006484985,0.35022771358490007,1.04328000545502,0.12032810598611803,0.250864684581757
449,Niger,2017-01-01,135.0,4.02799987792969,0.16192533075809498,0.993025004863739,0.13857294619083402,0.22867384552955602
450,Malawi,2017-01-01,136.0,3.97000002861023,0.233442038297653,0.5125688314437871,0.0727116540074348,0.28717046976089505
451,Chad,2017-01-01,137.0,3.9360001087188703,0.43801298737525896,0.953855872154236,0.0535818822681904,0.21611385047435802
452,Zimbabwe,2017-01-01,138.0,3.875,0.37584653496742204,1.08309590816498,0.0953753814101219,0.189143493771553
453,Lesotho,2017-01-01,139.0,3.80800008773804,0.521021246910095,1.19009518623352,0.119094640016556,0.157497271895409
454,Angola,2017-01-01,140.0,3.79500007629395,0.8584281802177429,1.1044119596481299,0.0697203353047371,0.09792649000883098
455,Afghanistan,2017-01-01,141.0,3.7939999103546103,0.401477217674255,0.581543326377869,0.0611578300595284,0.311870932579041
456,Botswana,2017-01-01,142.0,3.7660000324249303,1.12209415435791,1.2215549945831299,0.0985831990838051,0.0993484482169151
457,Benin,2017-01-01,143.0,3.65700006484985,0.43108540773391707,0.43529984354972795,0.0609290152788162,0.207948461174965
458,Madagascar,2017-01-01,144.0,3.64400005340576,0.305808693170547,0.9130203723907471,0.0672319754958153,0.208732530474663
459,Haiti,2017-01-01,145.0,3.6029999256133998,0.368610262870789,0.640449821949005,0.0998721495270729,0.48920378088951094
460,Yemen,2017-01-01,146.0,3.59299993515015,0.5916834473609921,0.93538224697113,0.0567674227058887,0.104125209152699
461,South Sudan,2017-01-01,147.0,3.5910000801086404,0.39724862575531,0.601323127746582,0.116793513298035,0.285670816898346
462,Liberia,2017-01-01,148.0,3.5329999923706095,0.11904179304838199,0.8721179366111759,0.0389482490718365,0.26654988527298
463,Guinea,2017-01-01,149.0,3.50699996948242,0.24454993009567302,0.7912446856498722,0.110937617719173,0.264815092086792
464,Togo,2017-01-01,150.0,3.4949998855590803,0.30544471740722695,0.4318825304508211,0.0956650152802467,0.19689615070819896
465,Rwanda,2017-01-01,151.0,3.47099995613098,0.368745893239975,0.945707023143768,0.455220013856888,0.25275602936744695
466,Syria,2017-01-01,152.0,3.46199989318848,0.777153134346008,0.396102607250214,0.15134713053703303,0.49366372823715204
467,Tanzania,2017-01-01,153.0,3.34899997711182,0.511135876178741,1.04198980331421,0.0660351067781448,0.354256361722946
468,Burundi,2017-01-01,154.0,2.90499997138977,0.09162256866693501,0.629793584346771,0.0841479450464249,0.20443518459796897
469,Central African Republic,2017-01-01,155.0,2.69300007820129,0.0,0.0,0.0565650761127472,0.280876487493515
470,Finland,2018-01-01,1.0,7.632000000000001,1.305,1.5919999999999999,0.39299999999999996,0.20199999999999999
471,Cyprus,2018-01-01,61.0,5.7620000000000005,1.229,1.1909999999999998,0.035,0.20199999999999999
472,Norway,2018-01-01,2.0,7.593999999999999,1.456,1.5819999999999999,0.34,0.28600000000000003
473,Denmark,2018-01-01,3.0,7.555,1.351,1.59,0.408,0.284
474,Iceland,2018-01-01,4.0,7.495,1.3430000000000002,1.6440000000000001,0.138,0.353
475,Switzerland,2018-01-01,5.0,7.487,1.42,1.5490000000000002,0.35700000000000004,0.256
476,Qatar,2018-01-01,32.0,6.374,1.649,1.3030000000000002,0.171,0.256
477,Cambodia,2018-01-01,120.0,4.433,0.5489999999999999,1.088,0.065,0.256
478,Netherlands,2018-01-01,6.0,7.441,1.361,1.4880000000000002,0.295,0.33299999999999996
479,Canada,2018-01-01,7.0,7.327999999999999,1.33,1.5319999999999998,0.29100000000000004,0.321
480,New Zealand,2018-01-01,8.0,7.324,1.268,1.601,0.389,0.365
481,Sweden,2018-01-01,9.0,7.314,1.355,1.501,0.38299999999999995,0.285
482,Australia,2018-01-01,10.0,7.272,1.34,1.5730000000000002,0.302,0.361
483,United Kingdom,2018-01-01,11.0,7.19,1.244,1.433,0.08199999999999999,0.262
484,Austria,2018-01-01,12.0,7.138999999999999,1.341,1.504,0.22399999999999998,0.242
485,Costa Rica,2018-01-01,13.0,7.072,1.01,1.459,0.10099999999999999,0.14300000000000002
486,Ireland,2018-01-01,14.0,6.977,1.4480000000000002,1.5830000000000002,0.306,0.307
487,Sri Lanka,2018-01-01,116.0,4.471,0.9179999999999999,1.314,0.05,0.307
488,Germany,2018-01-01,15.0,6.965,1.34,1.474,0.28,0.273
489,Belgium,2018-01-01,16.0,6.9270000000000005,1.324,1.483,0.24,0.188
490,Luxembourg,2018-01-01,17.0,6.91,1.5759999999999998,1.52,0.321,0.196
491,United States,2018-01-01,18.0,6.886,1.3980000000000001,1.4709999999999999,0.133,0.29100000000000004
492,Israel,2018-01-01,19.0,6.814,1.301,1.5590000000000002,0.272,0.354
494,Czech Republic,2018-01-01,21.0,6.711,1.2329999999999999,1.489,0.034,0.064
495,Bulgaria,2018-01-01,100.0,4.933,1.054,1.515,0.009000000000000001,0.064
496,Malta,2018-01-01,22.0,6.627000000000001,1.27,1.525,0.142,0.376
497,Syria,2018-01-01,150.0,3.4619999999999997,0.6890000000000001,0.382,0.14400000000000002,0.376
498,France,2018-01-01,23.0,6.489,1.2930000000000001,1.466,0.17600000000000002,0.098
499,Saudi Arabia,2018-01-01,33.0,6.371,1.379,1.331,0.127,0.098
500,Mexico,2018-01-01,24.0,6.4879999999999995,1.038,1.252,0.095,0.069
501,Chile,2018-01-01,25.0,6.476,1.131,1.331,0.061,0.19699999999999998
502,Honduras,2018-01-01,72.0,5.504,0.62,1.205,0.07400000000000001,0.19699999999999998
503,Congo (Kinshasa),2018-01-01,132.0,4.245,0.069,1.136,0.052000000000000005,0.19699999999999998
504,Taiwan,2018-01-01,26.0,6.441,1.365,1.436,0.078,0.151
505,Panama,2018-01-01,27.0,6.43,1.112,1.4380000000000002,0.063,0.125
506,Brazil,2018-01-01,28.0,6.419,0.986,1.474,0.08800000000000001,0.11
507,Argentina,2018-01-01,29.0,6.388,1.073,1.4680000000000002,0.054000000000000006,0.062
508,Guatemala,2018-01-01,30.0,6.382000000000001,0.7809999999999999,1.268,0.071,0.179
509,Northern Cyprus,2018-01-01,58.0,5.835,1.229,1.2109999999999999,0.154,0.179
510,Uruguay,2018-01-01,31.0,6.379,1.093,1.459,0.155,0.13
511,Jordan,2018-01-01,90.0,5.1610000000000005,0.8220000000000001,1.265,0.134,0.13
512,Singapore,2018-01-01,34.0,6.343,1.5290000000000001,1.4509999999999998,0.457,0.261
513,Malaysia,2018-01-01,35.0,6.322,1.161,1.258,0.059000000000000004,0.311
514,Spain,2018-01-01,36.0,6.31,1.251,1.538,0.07400000000000001,0.142
515,Colombia,2018-01-01,37.0,6.26,0.96,1.439,0.039,0.099
516,Trinidad & Tobago,2018-01-01,38.0,6.192,1.2229999999999999,1.492,0.019,0.171
517,Moldova,2018-01-01,67.0,5.64,0.657,1.301,0.0,0.171
518,Slovakia,2018-01-01,39.0,6.172999999999999,1.21,1.537,0.013999999999999999,0.11800000000000001
519,El Salvador,2018-01-01,40.0,6.167000000000001,0.8059999999999999,1.2309999999999999,0.08199999999999999,0.065
520,Russia,2018-01-01,59.0,5.81,1.151,1.479,0.025,0.065
521,Nicaragua,2018-01-01,41.0,6.141,0.6679999999999999,1.319,0.128,0.20800000000000002
522,Poland,2018-01-01,42.0,6.122999999999999,1.176,1.4480000000000002,0.064,0.10800000000000001
523,Bahrain,2018-01-01,43.0,6.105,1.338,1.3659999999999999,0.12300000000000001,0.243
524,Uzbekistan,2018-01-01,44.0,6.096,0.7190000000000001,1.584,0.259,0.32799999999999996
525,Kuwait,2018-01-01,45.0,6.082999999999999,1.474,1.301,0.106,0.16699999999999998
526,Thailand,2018-01-01,46.0,6.072,1.016,1.4169999999999998,0.028999999999999998,0.364
527,Bhutan,2018-01-01,97.0,5.082,0.7959999999999999,1.335,0.171,0.364
528,Italy,2018-01-01,47.0,6.0,1.264,1.501,0.027999999999999997,0.13699999999999998
529,Ecuador,2018-01-01,48.0,5.973,0.889,1.33,0.12,0.114
530,Belize,2018-01-01,49.0,5.956,0.807,1.101,0.08900000000000001,0.183
531,Cameroon,2018-01-01,99.0,4.975,0.535,0.8909999999999999,0.043,0.183
532,Lithuania,2018-01-01,50.0,5.952000000000001,1.197,1.527,0.006,0.026000000000000002
533,Morocco,2018-01-01,85.0,5.254,0.779,0.797,0.07400000000000001,0.026000000000000002
534,Slovenia,2018-01-01,51.0,5.9479999999999995,1.219,1.506,0.051,0.16
535,Romania,2018-01-01,52.0,5.945,1.1159999999999999,1.219,0.001,0.08800000000000001
536,Latvia,2018-01-01,53.0,5.933,1.148,1.454,0.066,0.092
537,Peru,2018-01-01,65.0,5.662999999999999,0.934,1.249,0.034,0.092
538,Egypt,2018-01-01,122.0,4.419,0.885,1.025,0.107,0.092
539,Japan,2018-01-01,54.0,5.915,1.294,1.462,0.15,0.079
540,Angola,2018-01-01,142.0,3.795,0.73,1.125,0.061,0.079
541,Mauritius,2018-01-01,55.0,5.891,1.09,1.3869999999999998,0.05,0.245
542,Jamaica,2018-01-01,56.0,5.89,0.8190000000000001,1.493,0.031,0.096
543,South Korea,2018-01-01,57.0,5.875,1.266,1.204,0.051,0.175
544,Burkina Faso,2018-01-01,121.0,4.4239999999999995,0.314,1.097,0.128,0.175
545,Niger,2018-01-01,134.0,4.166,0.131,0.867,0.099,0.175
546,Kazakhstan,2018-01-01,60.0,5.79,1.143,1.516,0.121,0.14800000000000002
547,Iraq,2018-01-01,117.0,4.456,1.01,0.971,0.095,0.14800000000000002
548,Bolivia,2018-01-01,62.0,5.752000000000001,0.7509999999999999,1.2229999999999999,0.054000000000000006,0.141
549,Estonia,2018-01-01,63.0,5.739,1.2,1.5319999999999998,0.174,0.086
550,Palestinian Territories,2018-01-01,104.0,4.743,0.642,1.217,0.076,0.086
551,Paraguay,2018-01-01,64.0,5.681,0.835,1.5219999999999998,0.07400000000000001,0.162
552,Kosovo,2018-01-01,66.0,5.662000000000001,0.855,1.23,0.023,0.27399999999999997
553,Turkmenistan,2018-01-01,68.0,5.636,1.016,1.5330000000000001,0.037000000000000005,0.19899999999999998
554,Hungary,2018-01-01,69.0,5.62,1.171,1.401,0.022000000000000002,0.061
555,Libya,2018-01-01,70.0,5.566,0.985,1.35,0.14800000000000002,0.11599999999999999
556,Lesotho,2018-01-01,141.0,3.8080000000000003,0.47200000000000003,1.215,0.11199999999999999,0.11599999999999999
557,Philippines,2018-01-01,71.0,5.524,0.775,1.3119999999999998,0.105,0.12
558,Croatia,2018-01-01,82.0,5.321000000000001,1.115,1.161,0.039,0.12
559,Dominican Republic,2018-01-01,83.0,5.3020000000000005,0.982,1.4409999999999998,0.106,0.12
560,Belarus,2018-01-01,73.0,5.483,1.0390000000000001,1.4980000000000002,0.154,0.10099999999999999
561,Turkey,2018-01-01,74.0,5.483,1.148,1.38,0.109,0.106
562,Pakistan,2018-01-01,75.0,5.472,0.652,0.81,0.113,0.21600000000000003
563,Bosnia and Herzegovina,2018-01-01,93.0,5.129,0.915,1.078,0.0,0.21600000000000003
564,Hong Kong,2018-01-01,76.0,5.43,1.405,1.29,0.29100000000000004,0.24600000000000002
565,Portugal,2018-01-01,77.0,5.41,1.188,1.429,0.017,0.055
566,Algeria,2018-01-01,84.0,5.295,0.9790000000000001,1.1540000000000001,0.135,0.055
567,Serbia,2018-01-01,78.0,5.398,0.975,1.369,0.043,0.134
568,Mauritania,2018-01-01,126.0,4.356,0.557,1.245,0.09300000000000001,0.134
569,Sudan,2018-01-01,137.0,4.138999999999999,0.605,1.24,0.08199999999999999,0.134
570,Greece,2018-01-01,79.0,5.358,1.1540000000000001,1.202,0.044000000000000004,0.0
571,Lebanon,2018-01-01,80.0,5.358,0.965,1.179,0.136,0.214
572,Montenegro,2018-01-01,81.0,5.347,1.0170000000000001,1.2790000000000001,0.081,0.111
573,China,2018-01-01,86.0,5.246,0.9890000000000001,1.1420000000000001,0.10300000000000001,0.028999999999999998
574,Azerbaijan,2018-01-01,87.0,5.2010000000000005,1.024,1.161,0.17600000000000002,0.031
575,Tajikistan,2018-01-01,88.0,5.199,0.474,1.166,0.034,0.187
576,Ukraine,2018-01-01,138.0,4.103,0.7929999999999999,1.413,0.011000000000000001,0.187
577,Macedonia,2018-01-01,89.0,5.185,0.9590000000000001,1.239,0.052000000000000005,0.17300000000000001
578,Nigeria,2018-01-01,91.0,5.155,0.6890000000000001,1.172,0.032,0.201
579,Kyrgyzstan,2018-01-01,92.0,5.131,0.53,1.416,0.035,0.281
580,Mongolia,2018-01-01,94.0,5.125,0.914,1.517,0.032,0.253
581,Vietnam,2018-01-01,95.0,5.103,0.715,1.365,0.079,0.177
582,Indonesia,2018-01-01,96.0,5.093,0.899,1.215,0.018000000000000002,0.484
583,Somalia,2018-01-01,98.0,4.982,0.0,0.7120000000000001,0.282,0.23800000000000002
584,Sierra Leone,2018-01-01,113.0,4.571000000000001,0.256,0.813,0.053,0.23800000000000002
585,Nepal,2018-01-01,101.0,4.88,0.425,1.228,0.078,0.302
586,Venezuela,2018-01-01,102.0,4.806,0.996,1.469,0.052000000000000005,0.055999999999999994
587,Gabon,2018-01-01,103.0,4.758,1.036,1.1640000000000001,0.052000000000000005,0.032
588,South Africa,2018-01-01,105.0,4.724,0.94,1.41,0.055999999999999994,0.10300000000000001
589,Iran,2018-01-01,106.0,4.707,1.0590000000000002,0.7709999999999999,0.129,0.282
590,Ivory Coast,2018-01-01,107.0,4.671,0.541,0.872,0.10300000000000001,0.146
591,Ghana,2018-01-01,108.0,4.657,0.5920000000000001,0.8959999999999999,0.028999999999999998,0.212
592,Senegal,2018-01-01,109.0,4.631,0.429,1.117,0.08199999999999999,0.138
593,Laos,2018-01-01,110.0,4.623,0.72,1.034,0.174,0.23
594,Tunisia,2018-01-01,111.0,4.592,0.9,0.9059999999999999,0.063,0.04
595,Albania,2018-01-01,112.0,4.586,0.9159999999999999,0.8170000000000001,0.032,0.149
596,Burundi,2018-01-01,156.0,2.905,0.091,0.627,0.076,0.149
597,Congo (Brazzaville),2018-01-01,114.0,4.559,0.682,0.8109999999999999,0.077,0.091
598,Bangladesh,2018-01-01,115.0,4.5,0.532,0.85,0.14400000000000002,0.153
599,Mali,2018-01-01,118.0,4.447,0.37,1.2329999999999999,0.055999999999999994,0.139
600,Namibia,2018-01-01,119.0,4.441,0.8740000000000001,1.281,0.064,0.051
601,Mozambique,2018-01-01,123.0,4.417,0.198,0.902,0.158,0.20600000000000002
602,Liberia,2018-01-01,149.0,3.495,0.076,0.858,0.03,0.20600000000000002
603,Kenya,2018-01-01,124.0,4.41,0.493,1.048,0.055,0.35200000000000004
604,Zambia,2018-01-01,125.0,4.377,0.562,1.047,0.08199999999999999,0.221
605,Ethiopia,2018-01-01,127.0,4.35,0.308,0.95,0.146,0.22
606,Georgia,2018-01-01,128.0,4.34,0.853,0.5920000000000001,0.215,0.038
607,Armenia,2018-01-01,129.0,4.321000000000001,0.816,0.99,0.027999999999999997,0.077
608,Myanmar,2018-01-01,130.0,4.308,0.682,1.1740000000000002,0.17800000000000002,0.598
609,Chad,2018-01-01,131.0,4.301,0.358,0.907,0.06,0.18100000000000002
610,India,2018-01-01,133.0,4.19,0.721,0.747,0.09300000000000001,0.172
611,Uganda,2018-01-01,135.0,4.1610000000000005,0.322,1.09,0.061,0.259
612,Benin,2018-01-01,136.0,4.141,0.37799999999999995,0.37200000000000005,0.067,0.163
613,Togo,2018-01-01,139.0,3.9989999999999997,0.259,0.474,0.10099999999999999,0.158
614,Guinea,2018-01-01,140.0,3.964,0.344,0.792,0.094,0.185
615,Madagascar,2018-01-01,143.0,3.7739999999999996,0.262,0.9079999999999999,0.049,0.155
616,Zimbabwe,2018-01-01,144.0,3.6919999999999997,0.35700000000000004,1.094,0.099,0.132
617,Afghanistan,2018-01-01,145.0,3.6319999999999997,0.332,0.537,0.036000000000000004,0.191
618,Botswana,2018-01-01,146.0,3.59,1.0170000000000001,1.1740000000000002,0.092,0.042
619,Malawi,2018-01-01,147.0,3.5869999999999997,0.18600000000000003,0.541,0.08,0.21
620,Haiti,2018-01-01,148.0,3.582,0.315,0.7140000000000001,0.10400000000000001,0.392
621,Rwanda,2018-01-01,151.0,3.408,0.332,0.8959999999999999,0.444,0.2
622,Yemen,2018-01-01,152.0,3.355,0.442,1.073,0.064,0.083
623,Tanzania,2018-01-01,153.0,3.303,0.455,0.991,0.09699999999999999,0.27
624,South Sudan,2018-01-01,154.0,3.2539999999999996,0.337,0.608,0.106,0.22399999999999998
625,Central African Republic,2018-01-01,155.0,3.083,0.024,0.0,0.038,0.218
626,Finland,2019-01-01,1.0,7.769,1.34,1.587,0.39299999999999996,0.153
627,Denmark,2019-01-01,2.0,7.6,1.383,1.5730000000000002,0.41,0.252
628,Norway,2019-01-01,3.0,7.553999999999999,1.4880000000000002,1.5819999999999999,0.341,0.271
629,Iceland,2019-01-01,4.0,7.494,1.38,1.624,0.11800000000000001,0.354
630,Netherlands,2019-01-01,5.0,7.4879999999999995,1.396,1.5219999999999998,0.298,0.322
631,Switzerland,2019-01-01,6.0,7.48,1.452,1.526,0.34299999999999997,0.263
632,Sweden,2019-01-01,7.0,7.343,1.3869999999999998,1.4869999999999999,0.373,0.267
633,New Zealand,2019-01-01,8.0,7.307,1.3030000000000002,1.557,0.38,0.33
634,Canada,2019-01-01,9.0,7.278,1.365,1.505,0.308,0.285
635,Austria,2019-01-01,10.0,7.246,1.376,1.475,0.226,0.244
636,Australia,2019-01-01,11.0,7.228,1.3719999999999999,1.548,0.29,0.332
637,Costa Rica,2019-01-01,12.0,7.167000000000001,1.034,1.4409999999999998,0.09300000000000001,0.14400000000000002
638,Israel,2019-01-01,13.0,7.138999999999999,1.276,1.455,0.08199999999999999,0.261
639,Luxembourg,2019-01-01,14.0,7.09,1.609,1.479,0.316,0.19399999999999998
640,United Kingdom,2019-01-01,15.0,7.053999999999999,1.3330000000000002,1.538,0.278,0.348
641,Ireland,2019-01-01,16.0,7.021,1.499,1.5530000000000002,0.31,0.298
642,Germany,2019-01-01,17.0,6.985,1.3730000000000002,1.454,0.265,0.261
643,Belgium,2019-01-01,18.0,6.922999999999999,1.3559999999999999,1.504,0.21,0.16
644,United States,2019-01-01,19.0,6.892,1.433,1.4569999999999999,0.128,0.28
645,Czech Republic,2019-01-01,20.0,6.852,1.2690000000000001,1.4869999999999999,0.036000000000000004,0.046
646,United Arab Emirates,2019-01-01,21.0,6.825,1.5030000000000001,1.31,0.182,0.262
647,Malta,2019-01-01,22.0,6.726,1.3,1.52,0.151,0.375
648,Mexico,2019-01-01,23.0,6.595,1.07,1.3230000000000002,0.073,0.07400000000000001
649,France,2019-01-01,24.0,6.5920000000000005,1.324,1.472,0.183,0.111
650,Taiwan,2019-01-01,25.0,6.446000000000001,1.368,1.43,0.09699999999999999,0.242
651,Chile,2019-01-01,26.0,6.444,1.159,1.369,0.055999999999999994,0.187
652,Guatemala,2019-01-01,27.0,6.436,0.8,1.2690000000000001,0.078,0.175
653,Saudi Arabia,2019-01-01,28.0,6.375,1.403,1.357,0.132,0.08
654,Qatar,2019-01-01,29.0,6.374,1.6840000000000002,1.3130000000000002,0.16699999999999998,0.22
655,Spain,2019-01-01,30.0,6.354,1.286,1.484,0.079,0.153
656,Panama,2019-01-01,31.0,6.321000000000001,1.149,1.442,0.054000000000000006,0.109
657,Brazil,2019-01-01,32.0,6.3,1.004,1.439,0.086,0.099
658,Uruguay,2019-01-01,33.0,6.292999999999999,1.124,1.465,0.15,0.127
659,Singapore,2019-01-01,34.0,6.2620000000000005,1.5719999999999998,1.463,0.45299999999999996,0.271
660,El Salvador,2019-01-01,35.0,6.252999999999999,0.794,1.242,0.07400000000000001,0.09300000000000001
661,Italy,2019-01-01,36.0,6.223,1.294,1.4880000000000002,0.03,0.158
662,Bahrain,2019-01-01,37.0,6.199,1.3619999999999999,1.368,0.11,0.255
663,Slovakia,2019-01-01,38.0,6.1979999999999995,1.246,1.504,0.013999999999999999,0.121
664,Trinidad & Tobago,2019-01-01,39.0,6.192,1.2309999999999999,1.4769999999999999,0.016,0.185
665,Poland,2019-01-01,40.0,6.182,1.206,1.4380000000000002,0.05,0.11699999999999999
666,Uzbekistan,2019-01-01,41.0,6.1739999999999995,0.745,1.5290000000000001,0.24,0.322
667,Lithuania,2019-01-01,42.0,6.149,1.238,1.515,0.042,0.043
668,Colombia,2019-01-01,43.0,6.125,0.985,1.41,0.034,0.099
669,Slovenia,2019-01-01,44.0,6.117999999999999,1.258,1.5230000000000001,0.057,0.14400000000000002
670,Nicaragua,2019-01-01,45.0,6.105,0.6940000000000001,1.325,0.127,0.2
671,Kosovo,2019-01-01,46.0,6.1,0.882,1.232,0.006,0.262
672,Argentina,2019-01-01,47.0,6.086,1.092,1.432,0.05,0.066
673,Romania,2019-01-01,48.0,6.07,1.162,1.232,0.005,0.083
674,Cyprus,2019-01-01,49.0,6.046,1.263,1.2229999999999999,0.040999999999999995,0.19
675,Ecuador,2019-01-01,50.0,6.028,0.912,1.3119999999999998,0.087,0.126
676,Kuwait,2019-01-01,51.0,6.021,1.5,1.319,0.09699999999999999,0.142
677,Thailand,2019-01-01,52.0,6.007999999999999,1.05,1.409,0.027999999999999997,0.359
678,Latvia,2019-01-01,53.0,5.94,1.187,1.465,0.064,0.075
679,South Korea,2019-01-01,54.0,5.895,1.301,1.219,0.055999999999999994,0.175
680,Estonia,2019-01-01,55.0,5.893,1.237,1.528,0.161,0.10300000000000001
681,Jamaica,2019-01-01,56.0,5.89,0.831,1.4780000000000002,0.027999999999999997,0.107
682,Mauritius,2019-01-01,57.0,5.888,1.12,1.402,0.06,0.215
683,Japan,2019-01-01,58.0,5.886,1.327,1.419,0.14,0.069
684,Honduras,2019-01-01,59.0,5.86,0.642,1.236,0.078,0.24600000000000002
685,Kazakhstan,2019-01-01,60.0,5.809,1.173,1.508,0.096,0.146
686,Bolivia,2019-01-01,61.0,5.779,0.7759999999999999,1.209,0.064,0.13699999999999998
687,Hungary,2019-01-01,62.0,5.757999999999999,1.2009999999999998,1.41,0.02,0.081
688,Paraguay,2019-01-01,63.0,5.742999999999999,0.855,1.475,0.08,0.184
689,Northern Cyprus,2019-01-01,64.0,5.718,1.263,1.252,0.162,0.191
690,Peru,2019-01-01,65.0,5.697,0.96,1.274,0.027000000000000003,0.083
691,Portugal,2019-01-01,66.0,5.693,1.2209999999999999,1.431,0.025,0.047
692,Pakistan,2019-01-01,67.0,5.653,0.677,0.8859999999999999,0.098,0.22
693,Russia,2019-01-01,68.0,5.648,1.183,1.452,0.031,0.08199999999999999
694,Philippines,2019-01-01,69.0,5.631,0.807,1.2930000000000001,0.107,0.11699999999999999
695,Serbia,2019-01-01,70.0,5.603,1.004,1.383,0.039,0.13699999999999998
696,Moldova,2019-01-01,71.0,5.529,0.685,1.328,0.0,0.18100000000000002
697,Libya,2019-01-01,72.0,5.525,1.044,1.3030000000000002,0.152,0.133
698,Montenegro,2019-01-01,73.0,5.523,1.051,1.361,0.08,0.142
699,Tajikistan,2019-01-01,74.0,5.4670000000000005,0.493,1.0979999999999999,0.14400000000000002,0.23
700,Croatia,2019-01-01,75.0,5.432,1.155,1.266,0.022000000000000002,0.11900000000000001
701,Hong Kong,2019-01-01,76.0,5.43,1.4380000000000002,1.2770000000000001,0.287,0.258
702,Dominican Republic,2019-01-01,77.0,5.425,1.015,1.401,0.10099999999999999,0.113
703,Bosnia and Herzegovina,2019-01-01,78.0,5.386,0.945,1.212,0.006,0.263
704,Turkey,2019-01-01,79.0,5.372999999999999,1.183,1.36,0.106,0.083
705,Malaysia,2019-01-01,80.0,5.3389999999999995,1.2209999999999999,1.171,0.024,0.26
706,Belarus,2019-01-01,81.0,5.3229999999999995,1.067,1.465,0.142,0.094
707,Greece,2019-01-01,82.0,5.287000000000001,1.181,1.156,0.034,0.0
708,Mongolia,2019-01-01,83.0,5.285,0.948,1.531,0.038,0.235
709,North Macedonia,2019-01-01,84.0,5.274,0.983,1.294,0.034,0.185
710,Nigeria,2019-01-01,85.0,5.265,0.696,1.111,0.040999999999999995,0.215
711,Kyrgyzstan,2019-01-01,86.0,5.261,0.551,1.4380000000000002,0.023,0.3
712,Turkmenistan,2019-01-01,87.0,5.247000000000001,1.052,1.538,0.027999999999999997,0.244
713,Algeria,2019-01-01,88.0,5.211,1.002,1.16,0.114,0.073
714,Morocco,2019-01-01,89.0,5.207999999999999,0.8009999999999999,0.782,0.076,0.036000000000000004
715,Azerbaijan,2019-01-01,90.0,5.207999999999999,1.043,1.147,0.182,0.035
716,Lebanon,2019-01-01,91.0,5.197,0.987,1.224,0.027000000000000003,0.166
717,Indonesia,2019-01-01,92.0,5.192,0.9309999999999999,1.203,0.027999999999999997,0.498
718,China,2019-01-01,93.0,5.191,1.0290000000000001,1.125,0.1,0.057999999999999996
719,Vietnam,2019-01-01,94.0,5.175,0.741,1.3459999999999999,0.073,0.147
720,Bhutan,2019-01-01,95.0,5.082,0.813,1.321,0.16699999999999998,0.37
721,Cameroon,2019-01-01,96.0,5.044,0.5489999999999999,0.91,0.037000000000000005,0.187
722,Bulgaria,2019-01-01,97.0,5.011,1.092,1.5130000000000001,0.004,0.081
723,Ghana,2019-01-01,98.0,4.996,0.611,0.868,0.04,0.245
724,Ivory Coast,2019-01-01,99.0,4.944,0.569,0.8079999999999999,0.09,0.154
725,Nepal,2019-01-01,100.0,4.913,0.446,1.226,0.08900000000000001,0.285
726,Jordan,2019-01-01,101.0,4.906000000000001,0.8370000000000001,1.225,0.13,0.11
727,Benin,2019-01-01,102.0,4.883,0.39299999999999996,0.43700000000000006,0.08199999999999999,0.175
728,Congo (Brazzaville),2019-01-01,103.0,4.812,0.6729999999999999,0.799,0.09300000000000001,0.105
729,Gabon,2019-01-01,104.0,4.7989999999999995,1.057,1.183,0.055,0.043
730,Laos,2019-01-01,105.0,4.796,0.764,1.03,0.16399999999999998,0.266
731,South Africa,2019-01-01,106.0,4.7219999999999995,0.96,1.351,0.055,0.13
732,Albania,2019-01-01,107.0,4.718999999999999,0.9470000000000001,0.848,0.027000000000000003,0.17800000000000002
733,Venezuela,2019-01-01,108.0,4.707,0.96,1.4269999999999998,0.047,0.064
734,Cambodia,2019-01-01,109.0,4.7,0.574,1.122,0.062,0.23199999999999998
735,Palestinian Territories,2019-01-01,110.0,4.696000000000001,0.657,1.247,0.066,0.10300000000000001
736,Senegal,2019-01-01,111.0,4.681,0.45,1.1340000000000001,0.07200000000000001,0.153
737,Somalia,2019-01-01,112.0,4.668,0.0,0.698,0.27,0.243
738,Namibia,2019-01-01,113.0,4.638999999999999,0.879,1.3130000000000002,0.055999999999999994,0.07
739,Niger,2019-01-01,114.0,4.628,0.138,0.774,0.102,0.188
740,Burkina Faso,2019-01-01,115.0,4.587,0.331,1.056,0.113,0.177
741,Armenia,2019-01-01,116.0,4.559,0.85,1.055,0.064,0.095
742,Iran,2019-01-01,117.0,4.548,1.1,0.8420000000000001,0.125,0.27
743,Guinea,2019-01-01,118.0,4.534,0.38,0.8290000000000001,0.086,0.207
744,Georgia,2019-01-01,119.0,4.519,0.8859999999999999,0.6659999999999999,0.16399999999999998,0.043
745,Gambia,2019-01-01,120.0,4.516,0.308,0.9390000000000001,0.16699999999999998,0.26899999999999996
746,Kenya,2019-01-01,121.0,4.5089999999999995,0.512,0.983,0.053,0.37200000000000005
747,Mauritania,2019-01-01,122.0,4.49,0.57,1.167,0.08800000000000001,0.106
748,Mozambique,2019-01-01,123.0,4.466,0.204,0.986,0.138,0.19699999999999998
749,Tunisia,2019-01-01,124.0,4.461,0.9209999999999999,1.0,0.055,0.059000000000000004
750,Bangladesh,2019-01-01,125.0,4.456,0.562,0.9279999999999999,0.14300000000000002,0.166
751,Iraq,2019-01-01,126.0,4.437,1.043,0.98,0.08900000000000001,0.14800000000000002
752,Congo (Kinshasa),2019-01-01,127.0,4.418,0.094,1.125,0.053,0.212
753,Mali,2019-01-01,128.0,4.39,0.385,1.105,0.052000000000000005,0.153
754,Sierra Leone,2019-01-01,129.0,4.374,0.268,0.841,0.045,0.252
755,Sri Lanka,2019-01-01,130.0,4.3660000000000005,0.9490000000000001,1.265,0.047,0.244
756,Myanmar,2019-01-01,131.0,4.36,0.71,1.181,0.172,0.5660000000000001
757,Chad,2019-01-01,132.0,4.35,0.35,0.7659999999999999,0.078,0.198
758,Ukraine,2019-01-01,133.0,4.332,0.82,1.39,0.01,0.187
759,Ethiopia,2019-01-01,134.0,4.2860000000000005,0.336,1.033,0.1,0.209
760,Swaziland,2019-01-01,135.0,4.212,0.8109999999999999,1.149,0.135,0.07400000000000001
761,Uganda,2019-01-01,136.0,4.189,0.332,1.069,0.06,0.252
762,Egypt,2019-01-01,137.0,4.166,0.9129999999999999,1.0390000000000001,0.067,0.076
763,Zambia,2019-01-01,138.0,4.107,0.578,1.058,0.087,0.247
764,Togo,2019-01-01,139.0,4.085,0.275,0.5720000000000001,0.085,0.177
765,India,2019-01-01,140.0,4.015,0.755,0.765,0.085,0.2
766,Liberia,2019-01-01,141.0,3.975,0.073,0.922,0.033,0.233
767,Comoros,2019-01-01,142.0,3.9730000000000003,0.27399999999999997,0.757,0.078,0.275
768,Madagascar,2019-01-01,143.0,3.9330000000000003,0.27399999999999997,0.9159999999999999,0.040999999999999995,0.16899999999999998
769,Lesotho,2019-01-01,144.0,3.802,0.489,1.169,0.09300000000000001,0.107
770,Burundi,2019-01-01,145.0,3.775,0.046,0.447,0.18,0.17600000000000002
771,Zimbabwe,2019-01-01,146.0,3.6630000000000003,0.366,1.114,0.08900000000000001,0.151
772,Haiti,2019-01-01,147.0,3.597,0.32299999999999995,0.688,0.11,0.419
773,Botswana,2019-01-01,148.0,3.488,1.041,1.145,0.1,0.025
774,Syria,2019-01-01,149.0,3.4619999999999997,0.619,0.37799999999999995,0.141,0.331
775,Malawi,2019-01-01,150.0,3.41,0.191,0.56,0.08900000000000001,0.218
776,Yemen,2019-01-01,151.0,3.38,0.287,1.163,0.077,0.10800000000000001
777,Rwanda,2019-01-01,152.0,3.3339999999999996,0.359,0.711,0.41100000000000003,0.217
778,Tanzania,2019-01-01,153.0,3.2310000000000003,0.47600000000000003,0.885,0.147,0.276
779,Afghanistan,2019-01-01,154.0,3.2030000000000003,0.35,0.517,0.025,0.158
780,Central African Republic,2019-01-01,155.0,3.083,0.026000000000000002,0.0,0.035,0.235
781,South Sudan,2019-01-01,156.0,2.853,0.306,0.575,0.091,0.20199999999999999
